LLAVE|Longitud|Latitud
ANTIOQUIA-MEDELLIN|-75.581713|6.246716
ANTIOQUIA-ABEJORRAL|-75.428738|5.789304
ANTIOQUIA-ABRIAQUI|-76.064703|6.631806
ANTIOQUIA-ALEJANDRIA|-75.141333|6.376066
ANTIOQUIA-AMAGA|-75.701946|6.038809
ANTIOQUIA-AMALFI|-75.082524|6.912305
ANTIOQUIA-ANDES|-75.878792|5.656775
ANTIOQUIA-ANGELOPOLIS|-75.711351|6.109614
ANTIOQUIA-ANGOSTURA|-75.335116|6.885175
ANTIOQUIA-ANORI|-75.148348|7.074708
ANTIOQUIA-SANTAFE DE ANTIOQUIA|-75.827079|6.556533
ANTIOQUIA-ANZA|-75.854442|6.302658
ANTIOQUIA-APARTADO|-76.625961|7.883417
ANTIOQUIA-ARBOLETES|-76.427057|8.850568
ANTIOQUIA-ARGELIA|-75.141741|5.730672
ANTIOQUIA-ARMENIA|-75.786838|6.155819
ANTIOQUIA-BARBOSA|-75.331644|6.439227
ANTIOQUIA-BELMIRA|-75.667374|6.606160
ANTIOQUIA-BELLO|-75.554665|6.334069
ANTIOQUIA-BETANIA|-75.975544|5.744747
ANTIOQUIA-BETULIA|-75.984516|6.115256
ANTIOQUIA-CIUDAD BOLIVAR|-76.021509|5.850273
ANTIOQUIA-BRICEÑO|-75.548130|7.114883
ANTIOQUIA-BURITICA|-75.907535|6.719735
ANTIOQUIA-CACERES|-75.352357|7.578315
ANTIOQUIA-CAICEDO|-75.982819|6.405567
ANTIOQUIA-CALDAS|-75.633619|6.091297
ANTIOQUIA-CAMPAMENTO|-75.298088|6.979778
ANTIOQUIA-CAÑASGORDAS|-76.032210|6.759478
ANTIOQUIA-CARACOLI|-74.757449|6.409855
ANTIOQUIA-CARAMANTA|-75.643868|5.548530
ANTIOQUIA-CAREPA|-76.653210|7.755116
ANTIOQUIA-EL CARMEN DE VIBORAL|-75.335362|6.084552
ANTIOQUIA-CAROLINA DEL PRINCIPE|-75.283170|6.725977
ANTIOQUIA-CAUCASIA|-75.198290|7.977362
ANTIOQUIA-CHIGORODO|-76.681216|7.666300
ANTIOQUIA-CISNEROS|-75.087208|6.537762
ANTIOQUIA-COCORNA|-75.185481|6.058306
ANTIOQUIA-CONCEPCION|-75.257603|6.394347
ANTIOQUIA-CONCORDIA|-75.907505|6.046569
ANTIOQUIA-COPACABANA|-75.509344|6.348641
ANTIOQUIA-DABEIBA|-76.262977|7.000322
ANTIOQUIA-DON MATIAS|-75.392724|6.484470
ANTIOQUIA-EBEJICO|-75.766220|6.326057
ANTIOQUIA-EL BAGRE|-74.799097|7.597522
ANTIOQUIA-ENTRERRIOS|-75.517801|6.566481
ANTIOQUIA-ENVIGADO|-75.583010|6.167005
ANTIOQUIA-FREDONIA|-75.670506|5.924368
ANTIOQUIA-FRONTINO|-76.130765|6.776066
ANTIOQUIA-GIRALDO|-75.952158|6.680808
ANTIOQUIA-GIRARDOTA|-75.444462|6.379614
ANTIOQUIA-GOMEZ PLATA|-75.220038|6.683288
ANTIOQUIA-GRANADA|-75.184445|6.142897
ANTIOQUIA-GUADALUPE|-75.240019|6.814263
ANTIOQUIA-GUARNE|-75.441654|6.278064
ANTIOQUIA-GUATAPE|-75.162293|6.232593
ANTIOQUIA-HELICONIA|-75.734322|6.206757
ANTIOQUIA-HISPANIA|-75.906588|5.799462
ANTIOQUIA-ITAGÜI|-75.614359|6.169598
ANTIOQUIA-ITUANGO|-75.764673|7.171629
ANTIOQUIA-JARDIN|-75.818981|5.597542
ANTIOQUIA-JERICO|-75.785499|5.789748
ANTIOQUIA-LA CEJA|-75.429431|6.028056
ANTIOQUIA-LA ESTRELLA|-75.645190|6.158420
ANTIOQUIA-LA PINTADA|-75.607810|5.743807
ANTIOQUIA-LA UNION|-75.360866|5.973868
ANTIOQUIA-LIBORINA|-75.812832|6.677323
ANTIOQUIA-MACEO|-74.787161|6.552117
ANTIOQUIA-MARINILLA|-75.339478|6.172269
ANTIOQUIA-MONTEBELLO|-75.523511|5.946326
ANTIOQUIA-MURINDO|-76.817458|6.977692
ANTIOQUIA-MUTATA|-76.435875|7.242875
ANTIOQUIA-NARIÑO|-75.176261|5.610775
ANTIOQUIA-NECOCLI|-76.784574|8.426136
ANTIOQUIA-NECHI|-74.776470|8.094129
ANTIOQUIA-OLAYA|-75.812299|6.627526
ANTIOQUIA-EL PEÑOL|-75.242822|6.219451
ANTIOQUIA-PEQUE|-75.910346|7.021018
ANTIOQUIA-PUEBLORRICO|-75.840774|5.791786
ANTIOQUIA-PUERTO BERRIO|-74.409946|6.487041
ANTIOQUIA-PUERTO NARE|-74.583012|6.186025
ANTIOQUIA-PUERTO TRIUNFO|-74.641263|5.871213
ANTIOQUIA-REMEDIOS|-74.695944|7.026094
ANTIOQUIA-EL RETIRO|-75.501375|6.063380
ANTIOQUIA-RIONEGRO|-75.376769|6.147224
ANTIOQUIA-SABANALARGA|-75.816646|6.850026
ANTIOQUIA-SABANETA|-75.615585|6.150970
ANTIOQUIA-SALGAR|-75.982049|5.965640
ANTIOQUIA-SAN ANDRES DE CUERQUIA|-75.674733|6.916809
ANTIOQUIA-SAN CARLOS|-74.987953|6.187992
ANTIOQUIA-SAN FRANCISCO|-75.102687|5.964079
ANTIOQUIA-SAN JERONIMO|-75.727001|6.448067
ANTIOQUIA-SAN JOSE DE LA MONTAÑA|-75.683352|6.850090
ANTIOQUIA-SAN JUAN DE URABA|-76.528794|8.759342
ANTIOQUIA-SAN LUIS|-74.993641|6.042983
ANTIOQUIA-SAN PEDRO DE LOS MILAGROS|-75.556719|6.460139
ANTIOQUIA-SAN PEDRO DE URABA|-76.380578|8.276887
ANTIOQUIA-SAN RAFAEL|-75.027984|6.293755
ANTIOQUIA-SAN ROQUE|-75.019158|6.485949
ANTIOQUIA-SAN VICENTE|-75.332614|6.282156
ANTIOQUIA-SANTA BARBARA|-75.567352|5.875533
ANTIOQUIA-SANTA ROSA DE OSOS|-75.460745|6.643326
ANTIOQUIA-SANTO DOMINGO|-75.167784|6.474843
ANTIOQUIA-EL SANTUARIO|-75.265850|6.137047
ANTIOQUIA-SEGOVIA|-74.701591|7.079640
ANTIOQUIA-SONSON|-75.309395|5.714812
ANTIOQUIA-SOPETRAN|-75.747256|6.500986
ANTIOQUIA-TAMESIS|-75.714321|5.664467
ANTIOQUIA-TARAZA|-75.401406|7.580121
ANTIOQUIA-TARSO|-75.823214|5.863296
ANTIOQUIA-TITIRIBI|-75.791549|6.060980
ANTIOQUIA-TOLEDO|-75.691442|7.010154
ANTIOQUIA-TURBO|-76.729158|8.089116
ANTIOQUIA-URAMITA|-76.173409|6.898494
ANTIOQUIA-URRAO|-76.133949|6.317320
ANTIOQUIA-VALDIVIA|-75.439198|7.165340
ANTIOQUIA-VALPARAISO|-75.624459|5.614551
ANTIOQUIA-VEGACHI|-74.798727|6.773446
ANTIOQUIA-VENECIA|-75.735503|5.964734
ANTIOQUIA-VIGIA DEL FUERTE|-76.896187|6.588120
ANTIOQUIA-YALI|-74.840047|6.676567
ANTIOQUIA-YARUMAL|-75.418833|6.963872
ANTIOQUIA-YOLOMBO|-75.013351|6.594592
ANTIOQUIA-YONDO|-73.912458|7.003941
ANTIOQUIA-ZARAGOZA|-74.867075|7.488583
ATLANTICO-BARRANQUILLA|-74.795259|10.975927
ATLANTICO-BARANOA|-74.916100|10.794880
ATLANTICO-CAMPO DE LA CRUZ|-74.883152|10.379240
ATLANTICO-CANDELARIA|-74.879913|10.461217
ATLANTICO-GALAPA|-74.866938|10.919641
ATLANTICO-JUAN DE ACOSTA|-75.040799|10.830182
ATLANTICO-LURUACO|-75.142246|10.611116
ATLANTICO-MALAMBO|-74.774241|10.856287
ATLANTICO-MANATI|-74.957035|10.448962
ATLANTICO-PALMAR DE VARELA|-74.754758|10.738583
ATLANTICO-PIOJO|-75.107470|10.749344
ATLANTICO-POLONUEVO|-74.854257|10.777725
ATLANTICO-PONEDERA|-74.753900|10.641796
ATLANTICO-PUERTO COLOMBIA|-74.851964|11.022940
ATLANTICO-REPELON|-75.125482|10.493342
ATLANTICO-SABANAGRANDE|-74.758507|10.791076
ATLANTICO-SABANALARGA|-74.921094|10.632835
ATLANTICO-SANTA LUCIA|-74.958971|10.323273
ATLANTICO-SANTO TOMAS|-74.754112|10.756056
ATLANTICO-SOLEDAD|-74.784833|10.910174
ATLANTICO-SUAN|-74.881687|10.335431
ATLANTICO-TUBARA|-74.978679|10.873648
ATLANTICO-USIACURI|-74.976983|10.742978
COLOMBIA-TODO EL PAIS|-74.107359|4.650173
BOGOTA DC-BOGOTA DC|-74.107359|4.650173
BOLIVAR-CARTAGENA|-75.496431|10.384986
BOLIVAR-ACHI|-74.557064|8.569110
BOLIVAR-ALTOS DEL ROSARIO|-74.165049|8.791606
BOLIVAR-ARENAL|-73.941116|8.458630
BOLIVAR-ARJONA|-75.344488|10.256632
BOLIVAR-ARROYOHONDO|-75.017193|10.242798
BOLIVAR-BARRANCO DE LOBA|-74.105224|8.947730
BOLIVAR-CALAMAR|-74.913629|10.251963
BOLIVAR-CANTAGALLO|-73.914650|7.378316
BOLIVAR-CICUCO|-74.645494|9.274746
BOLIVAR-CORDOBA|-74.827463|9.586908
BOLIVAR-CLEMENCIA|-75.328512|10.567542
BOLIVAR-EL CARMEN DE BOLIVAR|-75.121216|9.718580
BOLIVAR-EL GUAMO|-74.976114|10.030913
BOLIVAR-EL PEÑON|-73.949416|8.988219
BOLIVAR-HATILLO DE LOBA|-74.078365|8.955615
BOLIVAR-MAGANGUE|-74.770175|9.268564
BOLIVAR-MAHATES|-75.191337|10.233255
BOLIVAR-MARGARITA|-74.280822|9.155550
BOLIVAR-MARIA LA BAJA|-75.300759|9.982646
BOLIVAR-MONTECRISTO|-74.471704|8.297136
BOLIVAR-MOMPOS|-74.427866|9.243884
BOLIVAR-MORALES|-73.868140|8.276307
BOLIVAR-NOROSI|-74.038059|8.525981
BOLIVAR-PINILLOS|-74.462404|8.915452
BOLIVAR-REGIDOR|-73.821638|8.666258
BOLIVAR-RIO VIEJO|-73.839945|8.587628
BOLIVAR-SAN CRISTOBAL|-75.065534|10.392856
BOLIVAR-SAN ESTANISLAO DE KOSTKA|-75.153258|10.398476
BOLIVAR-SAN FERNANDO|-74.323867|9.214179
BOLIVAR-SAN JACINTO DEL CAUCA|-75.121089|9.830219
BOLIVAR-SAN JACINTO|-75.121089|9.830219
BOLIVAR-SAN JUAN NEPOMUCENO|-75.081353|9.953454
BOLIVAR-SAN MARTIN DE LOBA|-74.039012|8.937091
BOLIVAR-SAN PABLO|-73.924169|7.476721
BOLIVAR-SANTA CATALINA|-75.287764|10.605056
BOLIVAR-SANTA ROSA DEL SUR|-75.369832|10.444396
BOLIVAR-SANTA ROSA DE LIMA|-75.369832|10.444396
BOLIVAR-SIMITI|-73.947312|7.954176
BOLIVAR-SOPLAVIENTO|-75.136426|10.388457
BOLIVAR-TALAIGUA NUEVO|-74.567628|9.304889
BOLIVAR-TIQUISIO|-74.263547|8.557741
BOLIVAR-TURBACO|-75.424409|10.332769
BOLIVAR-TURBANA|-75.442502|10.274402
BOLIVAR-VILLANUEVA|-75.274754|10.444498
BOLIVAR-ZAMBRANO|-74.813840|9.746914
BOYACA-TUNJA|-73.355489|5.539953
BOYACA-ALMEIDA|-73.378933|4.970857
BOYACA-AQUITANIA|-72.883985|5.518604
BOYACA-ARCABUCO|-73.438185|5.755184
BOYACA-BELEN|-72.911620|5.989278
BOYACA-BERBEO|-73.127032|5.227287
BOYACA-BETEITIVA|-72.809031|5.909908
BOYACA-BOAVITA|-72.584959|6.330653
BOYACA-BRICEÑO|-73.923260|5.690879
BOYACA-BUENAVISTA|-73.942305|5.512431
BOYACA-BUSBANZA|-72.884162|5.831390
BOYACA-CALDAS|-73.865541|5.554575
BOYACA-CAMPOHERMOSO|-73.104168|5.031661
BOYACA-CERINZA|-72.948276|5.956028
BOYACA-CHINAVITA|-73.368476|5.167484
BOYACA-CHIQUINQUIRA|-73.818388|5.614128
BOYACA-CHISCAS|-72.501835|6.554050
BOYACA-CHITA|-72.471892|6.187083
BOYACA-CHITARAQUE|-73.447100|6.027425
BOYACA-CHIVATA|-73.282529|5.558949
BOYACA-CIENEGA|-73.296061|5.408702
BOYACA-COMBITA|-73.323956|5.634545
BOYACA-COPER|-74.045461|5.474983
BOYACA-CORRALES|-72.844795|5.828102
BOYACA-COVARACHIA|-72.738978|6.500177
BOYACA-CUBARA|-72.110688|7.000093
BOYACA-CUCAITA|-73.454338|5.544452
BOYACA-CUITIVA|-72.965923|5.580367
BOYACA-CHIQUIZA (SAN PEDRO DE IGUAQUE)|-73.449463|5.639834
BOYACA-CHIVOR|-73.366894|4.887782
BOYACA-DUITAMA|-73.030610|5.822986
BOYACA-EL COCUY|-72.444729|6.407716
BOYACA-EL ESPINO|-72.497007|6.483027
BOYACA-FIRAVITOBA|-72.993361|5.668922
BOYACA-FLORESTA|-72.918111|5.859519
BOYACA-GACHANTIVA|-73.549092|5.751891
BOYACA-GAMEZA|-72.805529|5.802338
BOYACA-GARAGOA|-73.364428|5.083243
BOYACA-GUACAMAYAS|-72.500812|6.459667
BOYACA-GUATEQUE|-73.471207|5.007321
BOYACA-GUAYATA|-73.489696|4.967123
BOYACA-GÜICAN|-72.411763|6.462864
BOYACA-IZA|-72.980176|5.611696
BOYACA-JENESANO|-73.363738|5.385813
BOYACA-JERICO|-72.570723|6.145920
BOYACA-LABRANZAGRANDE|-72.577770|5.562687
BOYACA-LA CAPILLA|-73.444347|5.095687
BOYACA-LA VICTORIA|-74.234393|5.523792
BOYACA-LA UVITA|-72.559985|6.316206
BOYACA-VILLA DE LEYVA|-73.524685|5.632662
BOYACA-MACANAL|-73.319642|4.972466
BOYACA-MARIPI|-74.004050|5.550091
BOYACA-MIRAFLORES|-73.145630|5.196515
BOYACA-MONGUA|-72.798090|5.754242
BOYACA-MONGUI|-72.849260|5.723404
BOYACA-MONIQUIRA|-73.573370|5.876335
BOYACA-MOTAVITA|-73.367841|5.577700
BOYACA-MUZO|-74.102751|5.532463
BOYACA-NOBSA|-72.939853|5.771043
BOYACA-NUEVO COLON|-73.457136|5.355146
BOYACA-OICATA|-73.308404|5.595234
BOYACA-OTANCHE|-74.180965|5.657536
BOYACA-PACHAVITA|-73.396953|5.140065
BOYACA-PAEZ|-73.054310|5.095235
BOYACA-PAIPA|-73.117917|5.779942
BOYACA-PAJARITO|-72.703210|5.293665
BOYACA-PANQUEBA|-72.459200|6.443075
BOYACA-PAUNA|-73.978449|5.656323
BOYACA-PAYA|-72.423775|5.625699
BOYACA-PAZ DE RIO|-72.749137|5.987645
BOYACA-PESCA|-73.050872|5.558808
BOYACA-PISBA|-72.485947|5.721615
BOYACA-BOYACA|-74.587999|5.977935
BOYACA-PUERTO BOYACA|-74.587999|5.977935
BOYACA-QUIPAMA|-74.177729|5.518370
BOYACA-RAMIRIQUI|-73.334869|5.400222
BOYACA-RAQUIRA|-73.632497|5.539066
BOYACA-RONDON|-73.208474|5.357400
BOYACA-SABOYA|-73.764661|5.697733
BOYACA-SACHICA|-73.542634|5.583592
BOYACA-SAMACA|-73.485644|5.492315
BOYACA-SAN EDUARDO|-73.077143|5.223956
BOYACA-SAN JOSE DE PARE|-73.545372|6.018976
BOYACA-SAN LUIS DE GACENO|-73.168359|4.819690
BOYACA-SAN MATEO|-72.555264|6.401683
BOYACA-SAN MIGUEL DE SEMA|-73.722005|5.518086
BOYACA-SAN PABLO DE BORBUR|-74.069964|5.650676
BOYACA-SANTANA|-73.481226|6.057413
BOYACA-SANTA MARIA|-73.263518|4.857193
BOYACA-SANTA ROSA DE VITERBO|-72.982461|5.874556
BOYACA-SANTA SOFIA|-73.602707|5.713269
BOYACA-SATIVANORTE|-72.708458|6.131136
BOYACA-SATIVASUR|-72.712438|6.093182
BOYACA-SIACHOQUE|-73.244649|5.511815
BOYACA-SOATA|-72.684025|6.331912
BOYACA-SOCOTA|-72.636653|6.041162
BOYACA-SOCHA|-72.691966|5.996713
BOYACA-SOGAMOSO|-72.923048|5.725689
BOYACA-SOMONDOCO|-73.433393|4.985726
BOYACA-SORA|-73.450153|5.566840
BOYACA-SOTAQUIRA|-73.247334|5.765231
BOYACA-SORACA|-73.332806|5.500905
BOYACA-SUSACON|-72.690289|6.230332
BOYACA-SUTAMARCHAN|-73.620586|5.619781
BOYACA-SUTATENZA|-73.452317|5.022989
BOYACA-TASCO|-72.781011|5.909821
BOYACA-TENZA|-73.420589|5.077074
BOYACA-TIBANA|-73.396457|5.317251
BOYACA-TIBASOSA|-72.999449|5.747230
BOYACA-TINJACA|-73.646847|5.579713
BOYACA-TIPACOQUE|-72.693173|6.418586
BOYACA-TOCA|-73.184790|5.566469
BOYACA-TOGÜI|-73.513655|5.937438
BOYACA-TOPAGA|-72.832245|5.768201
BOYACA-TOTA|-72.985898|5.560497
BOYACA-TUNUNGUA|-73.933155|5.730582
BOYACA-TURMEQUE|-73.491847|5.323253
BOYACA-TUTA|-73.225973|5.690968
BOYACA-TUTAZA|-72.856035|6.032608
BOYACA-UMBITA|-73.456917|5.221176
BOYACA-VENTAQUEMADA|-73.522373|5.368734
BOYACA-VIRACACHA|-73.296900|5.436789
BOYACA-ZETAQUIRA|-73.169052|5.282116
CALDAS-MANIZALES|-75.491049|5.057688
CALDAS-AGUADAS|-75.454870|5.610244
CALDAS-ANSERMA|-75.784343|5.236474
CALDAS-ARANZAZU|-75.491255|5.271142
CALDAS-BELALCAZAR|-75.811918|4.993794
CALDAS-CHINCHINA|-75.607481|4.985813
CALDAS-FILADELFIA|-75.562474|5.297091
CALDAS-LA DORADA|-74.658206|5.444406
CALDAS-LA MERCED|-75.547908|5.394779
CALDAS-MANZANARES|-75.152829|5.255720
CALDAS-MARMATO|-75.600242|5.474005
CALDAS-MARQUETALIA|-75.053097|5.297525
CALDAS-MARULANDA|-75.259403|5.284330
CALDAS-NEIRA|-75.519842|5.166706
CALDAS-NORCASIA|-74.889544|5.574795
CALDAS-PACORA|-75.459621|5.527172
CALDAS-PALESTINA|-75.621503|5.020571
CALDAS-PENSILVANIA|-75.160299|5.383281
CALDAS-RIOSUCIO|-75.702070|5.423681
CALDAS-RISARALDA|-75.767220|5.164509
CALDAS-SALAMINA|-75.487222|5.403025
CALDAS-SAMANA|-74.992258|5.413086
CALDAS-SAN JOSE|-75.792004|5.081569
CALDAS-SUPIA|-75.649660|5.446843
CALDAS-VICTORIA|-74.911153|5.317420
CALDAS-VILLAMARIA|-75.513761|5.043807
CALDAS-VITERBO|-75.870610|5.062664
CAQUETA-FLORENCIA|-75.608560|1.617923
CAQUETA-ALBANIA|-75.878371|1.328522
CAQUETA-BELEN DE LOS ANDAQUIES|-75.872474|1.415786
CAQUETA-CARTAGENA DEL CHAIRA|-74.847198|1.335135
CAQUETA-CURILLO|-75.919204|1.033474
CAQUETA-EL DONCELLO|-75.283563|1.679872
CAQUETA-EL PAUJIL|-75.326123|1.570373
CAQUETA-LA MONTAÑITA|-75.436408|1.479173
CAQUETA-MILAN|-75.506962|1.290427
CAQUETA-MORELIA|-75.724581|1.487623
CAQUETA-PUERTO RICO|-75.157489|1.908935
CAQUETA-SAN JOSE DEL FRAGUA|-75.973538|1.331948
CAQUETA-SAN VICENTE DEL CAGUAN|-74.767341|2.119786
CAQUETA-SOLANO|-75.253704|0.698978
CAQUETA-SOLITA|-75.619734|0.876668
CAQUETA-VALPARAISO|-75.706584|1.194583
CAUCA-POPAYAN|-76.574065|2.482503
CAUCA-ALMAGUER|-76.855924|1.913360
CAUCA-ARGELIA|-77.249450|2.256755
CAUCA-BALBOA|-77.215898|2.040479
CAUCA-BOLIVAR|-76.966312|1.837416
CAUCA-BUENOS AIRES|-76.642281|3.015427
CAUCA-CAJIBIO|-76.570884|2.623338
CAUCA-CALDONO|-76.484448|2.798131
CAUCA-CALOTO|-76.408487|3.034071
CAUCA-CORINTO|-76.261314|3.173815
CAUCA-EL TAMBO|-76.810772|2.451371
CAUCA-FLORENCIA|-77.072534|1.682522
CAUCA-GUACHENE|-76.392189|3.134153
CAUCA-GUAPI|-77.888033|2.572918
CAUCA-INZA|-76.063503|2.549183
CAUCA-JAMBALO|-76.323878|2.777837
CAUCA-LA SIERRA|-76.763209|2.179322
CAUCA-LA VEGA|-76.778897|2.001109
CAUCA-LOPEZ DE MICAY|-77.247692|2.846716
CAUCA-MERCADERES|-77.165844|1.775772
CAUCA-MIRANDA|-76.228870|3.253095
CAUCA-MORALES|-76.629221|2.754559
CAUCA-PADILLA|-76.313291|3.220854
CAUCA-PAEZ/BELALCAZAR|-75.971965|2.641367
CAUCA-PATIA|-76.980979|2.115670
CAUCA-PIAMONTE|-76.325764|1.117198
CAUCA-PIENDAMO|-76.528506|2.641988
CAUCA-PUERTO TEJADA|-76.417308|3.233294
CAUCA-PURACE|-76.495639|2.342644
CAUCA-ROSAS|-76.740352|2.260980
CAUCA-SAN SEBASTIAN|-76.769332|1.838374
CAUCA-SANTANDER DE QUILICHAO|-76.485370|3.016054
CAUCA-SANTA ROSA|-76.573973|1.702420
CAUCA-SILVIA|-76.379570|2.611816
CAUCA-SOTARA|-76.613298|2.253134
CAUCA-SUAREZ|-76.693447|2.959702
CAUCA-SUCRE|-76.926277|2.038251
CAUCA-TIMBIO|-76.684239|2.349976
CAUCA-TIMBIQUI|-77.667565|2.777414
CAUCA-TORIBIO|-76.271127|2.951450
CAUCA-TOTORO|-76.402443|2.510229
CAUCA-VILLA RICA|-76.457873|3.177578
CESAR-VALLEDUPAR|-73.259389|10.460481
CESAR-AGUACHICA|-73.599029|8.310337
CESAR-AGUSTIN CODAZZI|-73.238396|10.040458
CESAR-ASTREA|-73.975864|9.498161
CESAR-BECERRIL|-73.279232|9.704606
CESAR-BOSCONIA|-73.888768|9.975095
CESAR-CHIMICHAGUA|-73.813328|9.258271
CESAR-CHIRIGUANA|-73.600144|9.361190
CESAR-CURUMANI|-73.540987|9.201811
CESAR-EL COPEY|-73.962717|10.149525
CESAR-EL PASO|-73.741788|9.668470
CESAR-GAMARRA|-73.743760|8.320449
CESAR-GONZALEZ|-73.380040|8.389604
CESAR-LA GLORIA|-73.803210|8.619298
CESAR-LA JAGUA DE IBIRICO|-73.334228|9.563887
CESAR-MANAURE BALCON DEL CESAR|-73.028320|10.390899
CESAR-PAILITAS|-73.625817|8.956033
CESAR-PELAYA|-73.666355|8.688651
CESAR-PUEBLO BELLO|-73.589011|10.415062
CESAR-RIO DE ORO|-73.386395|8.292287
CESAR-LA PAZ|-73.171363|10.387490
CESAR-SAN ALBERTO|-73.394225|7.760826
CESAR-SAN DIEGO|-73.181218|10.333033
CESAR-SAN MARTIN|-73.510975|7.999895
CESAR-TAMALAMEQUE|-73.812173|8.861725
CORDOBA-MONTERIA|-75.875578|8.745133
CORDOBA-AYAPEL|-75.146291|8.314447
CORDOBA-BUENAVISTA|-75.480899|8.221166
CORDOBA-CANALETE|-76.241397|8.786945
CORDOBA-CERETE|-75.796217|8.888612
CORDOBA-CHIMA|-75.626896|9.149480
CORDOBA-CHINU|-75.399720|9.105294
CORDOBA-CIENAGA DE ORO|-75.620787|8.875502
CORDOBA-COTORRA|-75.799149|9.037088
CORDOBA-LA APARTADA|-75.339016|8.052454
CORDOBA-LORICA|-75.815995|9.240855
CORDOBA-LOS CORDOBAS|-76.355193|8.892169
CORDOBA-MOMIL|-75.677961|9.240712
CORDOBA-MONTELIBANO|-75.416818|7.973777
CORDOBA-MOÑITOS|-76.129396|9.245280
CORDOBA-PLANETA RICA|-75.583243|8.408203
CORDOBA-PUEBLO NUEVO|-75.507971|8.504003
CORDOBA-PUERTO ESCONDIDO|-76.260411|9.005372
CORDOBA-PUERTO LIBERTADOR|-75.671800|7.888835
CORDOBA-PURISIMA|-75.724885|9.239299
CORDOBA-SAHAGUN|-75.445920|8.943125
CORDOBA-SAN ANDRES SOTAVENTO|-75.508894|9.145163
CORDOBA-SAN ANTERO|-75.760773|9.376217
CORDOBA-SAN BERNARDO DEL VIENTO|-75.954744|9.352302
CORDOBA-SAN CARLOS|-75.698845|8.799107
CORDOBA-SAN JOSE DE URE|-75.533133|7.787185
CORDOBA-SAN PELAYO|-75.835126|8.958010
CORDOBA-TIERRALTA|-76.059697|8.170379
CORDOBA-TUCHIN|-75.554451|9.186966
CORDOBA-VALENCIA|-76.150719|8.255017
CUNDINAMARCA-AGUA DE DIOS|-74.669218|4.375312
CUNDINAMARCA-ALBAN|-74.438261|4.878022
CUNDINAMARCA-ANAPOIMA|-74.528518|4.562956
CUNDINAMARCA-ANOLAIMA|-74.463842|4.761695
CUNDINAMARCA-ARBELAEZ|-74.414826|4.272482
CUNDINAMARCA-BELTRAN|-74.741802|4.802811
CUNDINAMARCA-BITUIMA|-74.539619|4.872234
CUNDINAMARCA-BOJACA|-74.348492|4.741758
CUNDINAMARCA-CABRERA|-74.484187|3.984619
CUNDINAMARCA-CACHIPAY|-74.435707|4.730955
CUNDINAMARCA-CAJICA|-74.023454|4.920809
CUNDINAMARCA-CAPARRAPI|-74.491120|5.347943
CUNDINAMARCA-CAQUEZA|-73.946474|4.404101
CUNDINAMARCA-CARMEN DE CARUPA|-73.901574|5.349116
CUNDINAMARCA-CHAGUANI|-74.593455|4.948916
CUNDINAMARCA-CHIA|-74.050347|4.866065
CUNDINAMARCA-CHIPAQUE|-74.044876|4.442671
CUNDINAMARCA-CHOACHI|-73.922894|4.527048
CUNDINAMARCA-CHOCONTA|-73.683523|5.145224
CUNDINAMARCA-COGUA|-73.978497|5.061842
CUNDINAMARCA-COTA|-74.102726|4.812988
CUNDINAMARCA-CUCUNUBA|-73.766215|5.249768
CUNDINAMARCA-EL COLEGIO|-74.442552|4.579460
CUNDINAMARCA-EL PEÑON|-74.291286|5.249141
CUNDINAMARCA-EL ROSAL|-74.263667|4.852214
CUNDINAMARCA-FACATATIVA|-74.350228|4.813064
CUNDINAMARCA-FOMEQUE|-73.892523|4.485474
CUNDINAMARCA-FOSCA|-73.939020|4.339093
CUNDINAMARCA-FUNZA|-74.211525|4.712763
CUNDINAMARCA-FUQUENE|-73.795855|5.404041
CUNDINAMARCA-FUSAGASUGA|-74.366334|4.338481
CUNDINAMARCA-GACHALA|-73.520161|4.693579
CUNDINAMARCA-GACHANCIPA|-73.873469|4.990918
CUNDINAMARCA-GACHETA|-73.637007|4.817022
CUNDINAMARCA-GAMA|-73.611029|4.763338
CUNDINAMARCA-GIRARDOT|-74.797795|4.313078
CUNDINAMARCA-GRANADA|-74.350766|4.519763
CUNDINAMARCA-GUACHETA|-73.687098|5.383741
CUNDINAMARCA-GUADUAS|-74.602956|5.071871
CUNDINAMARCA-GUASCA|-73.877143|4.866719
CUNDINAMARCA-GUATAQUI|-74.789969|4.517417
CUNDINAMARCA-GUATAVITA|-73.832874|4.934140
CUNDINAMARCA-GUAYABAL DE SIQUIMA|-74.467437|4.877968
CUNDINAMARCA-GUAYABETAL|-73.815094|4.215297
CUNDINAMARCA-GUTIERREZ|-74.003042|4.254679
CUNDINAMARCA-JERUSALEN|-74.695419|4.562308
CUNDINAMARCA-JUNIN|-73.662925|4.790380
CUNDINAMARCA-LA CALERA|-73.969745|4.720345
CUNDINAMARCA-LA MESA|-74.461545|4.631044
CUNDINAMARCA-LA PALMA|-74.391020|5.358817
CUNDINAMARCA-LA PEÑA|-74.393089|5.200211
CUNDINAMARCA-LA VEGA|-74.331138|4.993077
CUNDINAMARCA-LENGUAZAQUE|-73.711494|5.306143
CUNDINAMARCA-MACHETA|-73.608325|5.080199
CUNDINAMARCA-MADRID|-74.265626|4.736130
CUNDINAMARCA-MANTA|-73.540502|5.009058
CUNDINAMARCA-MEDINA|-73.349123|4.506615
CUNDINAMARCA-MOSQUERA|-74.231775|4.711371
CUNDINAMARCA-NARIÑO|-74.824732|4.399837
CUNDINAMARCA-NEMOCON|-73.879630|5.067365
CUNDINAMARCA-NILO|-74.619966|4.305801
CUNDINAMARCA-NIMAIMA|-74.386007|5.126026
CUNDINAMARCA-NOCAIMA|-74.377728|5.068933
CUNDINAMARCA-VENECIA|-74.478178|4.088961
CUNDINAMARCA-PACHO|-74.156117|5.136942
CUNDINAMARCA-PAIME|-74.152213|5.370487
CUNDINAMARCA-PANDI|-74.486641|4.190393
CUNDINAMARCA-PARATEBUENO|-73.212827|4.374833
CUNDINAMARCA-PASCA|-74.305460|4.309854
CUNDINAMARCA-PUERTO SALGAR|-74.652801|5.464956
CUNDINAMARCA-PULI|-74.714476|4.681785
CUNDINAMARCA-QUEBRADANEGRA|-74.480145|5.118071
CUNDINAMARCA-QUETAME|-73.863114|4.329826
CUNDINAMARCA-QUIPILE|-74.533705|4.744810
CUNDINAMARCA-APULO|-74.593805|4.520347
CUNDINAMARCA-RICAURTE|-74.784543|4.293950
CUNDINAMARCA-SAN ANTONIO DEL TEQUENDAMA|-74.351443|4.616138
CUNDINAMARCA-SAN BERNARDO|-74.422962|4.179432
CUNDINAMARCA-SAN CAYETANO|-74.024754|5.332938
CUNDINAMARCA-SAN FRANCISCO|-74.289672|4.972917
CUNDINAMARCA-SAN JUAN DE RIO SECO|-74.621915|4.847576
CUNDINAMARCA-SASAIMA|-74.432628|4.962167
CUNDINAMARCA-SESQUILE|-73.796128|5.044730
CUNDINAMARCA-SIBATE|-74.258992|4.489764
CUNDINAMARCA-SILVANIA|-74.405528|4.381941
CUNDINAMARCA-SIMIJACA|-73.850320|5.505428
CUNDINAMARCA-SOACHA|-74.214528|4.585492
CUNDINAMARCA-SOPO|-73.945775|4.906331
CUNDINAMARCA-SUBACHOQUE|-74.172708|4.929079
CUNDINAMARCA-SUESCA|-73.798290|5.103517
CUNDINAMARCA-SUPATA|-74.235403|5.061620
CUNDINAMARCA-SUSA|-73.814003|5.454868
CUNDINAMARCA-SUTATAUSA|-73.853159|5.247482
CUNDINAMARCA-TABIO|-74.096183|4.917202
CUNDINAMARCA-TAUSA|-73.886473|5.196555
CUNDINAMARCA-TENA|-74.389533|4.655339
CUNDINAMARCA-TENJO|-74.143956|4.871961
CUNDINAMARCA-TIBACUY|-74.452344|4.348315
CUNDINAMARCA-TIBIRITA|-73.504514|5.052278
CUNDINAMARCA-TOCAIMA|-74.636305|4.459271
CUNDINAMARCA-TOCANCIPA|-73.912091|4.964786
CUNDINAMARCA-TOPAIPI|-74.302688|5.335973
CUNDINAMARCA-UBALA|-73.533980|4.743901
CUNDINAMARCA-UBAQUE|-73.933461|4.483802
CUNDINAMARCA-VILLA DE SAN DIEGO DE UBATE|-73.814346|5.307541
CUNDINAMARCA-UNE|-74.025182|4.402450
CUNDINAMARCA-UTICA|-74.483120|5.190590
CUNDINAMARCA-VERGARA|-74.346360|5.117305
CUNDINAMARCA-VIANI|-74.561327|4.875205
CUNDINAMARCA-VILLAGOMEZ|-74.195145|5.273024
CUNDINAMARCA-VILLAPINZON|-73.595355|5.216438
CUNDINAMARCA-VILLETA|-74.469705|5.012791
CUNDINAMARCA-VIOTA|-74.523160|4.439356
CUNDINAMARCA-YACOPI|-74.338024|5.459290
CUNDINAMARCA-ZIPACON|-74.379591|4.759925
CUNDINAMARCA-ZIPAQUIRA|-73.994471|5.025472
CHOCO-QUIBDO|-76.625969|5.692195
CHOCO-ACANDI|-77.280098|8.511406
CHOCO-ALTO BAUDO|-76.974399|5.516310
CHOCO-MEDIO ATRATO|-76.635037|5.531374
CHOCO-BAGADO|-76.415293|5.410555
CHOCO-BAHIA SOLANO|-77.402750|6.222245
CHOCO-BAJO BAUDO/PIZARRO|-77.365410|4.954627
CHOCO-BOJAYA|-76.883469|6.556257
CHOCO-EL CANTON DEL SAN PABLO|-76.726850|5.335335
CHOCO-CARMEN DEL DARIEN|-76.970717|7.158403
CHOCO-CERTEGUI|-76.608021|5.370414
CHOCO-CONDOTO|-76.650683|5.091003
CHOCO-EL CARMEN DE ATRATO|-76.142230|5.899751
CHOCO-ATRATO|-76.142230|5.899751
CHOCO-EL LITORAL DEL SAN JUAN|-77.359838|4.256767
CHOCO-ISTMINA|-76.685180|5.153946
CHOCO-JURADO|-77.762751|7.103619
CHOCO-LLORO|-76.545211|5.498151
CHOCO-MEDIO BAUDO|-76.949606|5.193564
CHOCO-MEDIO SAN JUAN/ANDAGOYA|-76.693358|5.100241
CHOCO-NOVITA|-76.607118|4.956097
CHOCO-NUQUI|-77.262903|5.711957
CHOCO-RIO IRO|-76.472925|5.186300
CHOCO-RIO QUITO|-76.741017|5.483728
CHOCO-RIOSUCIO|-77.113110|7.436632
CHOCO-SAN JOSE DEL PALMAR|-76.232849|4.897593
CHOCO-SIPI|-76.644404|4.651204
CHOCO-TADO|-76.558766|5.264140
CHOCO-UNGUIA|-77.091753|8.042761
CHOCO-UNION PANAMERICANA|-76.628406|5.281096
HUILA-NEIVA|-75.277723|2.935604
HUILA-ACEVEDO|-75.888532|1.805263
HUILA-AGRADO|-75.771904|2.259729
HUILA-AIPE|-75.239031|3.223598
HUILA-ALGECIRAS|-75.315373|2.522448
HUILA-ALTAMIRA|-75.788363|2.063711
HUILA-BARAYA|-75.054270|3.153199
HUILA-CAMPOALEGRE|-75.325735|2.686827
HUILA-COLOMBIA|-74.802813|3.376977
HUILA-ELIAS|-75.938011|2.012697
HUILA-GARZON|-75.627694|2.196994
HUILA-GIGANTE|-75.541220|2.388236
HUILA-GUADALUPE|-75.755028|2.025157
HUILA-HOBO|-75.451151|2.582868
HUILA-IQUIRA|-75.634497|2.649359
HUILA-ISNOS|-76.217637|1.929467
HUILA-LA ARGENTINA|-75.979768|2.198246
HUILA-LA PLATA|-75.891451|2.389647
HUILA-NATAGA|-75.808785|2.545353
HUILA-OPORAPA|-75.995178|2.025054
HUILA-PAICOL|-75.772992|2.449549
HUILA-PALERMO|-75.433719|2.888406
HUILA-PALESTINA|-76.133122|1.723444
HUILA-EL PITAL|-75.804005|2.266679
HUILA-PITALITO|-76.048745|1.852578
HUILA-RIVERA|-75.258547|2.777571
HUILA-SALADOBLANCO|-76.044141|1.992495
HUILA-SAN AGUSTIN|-76.270360|1.881081
HUILA-SANTA MARIA|-75.586116|2.939755
HUILA-SUAZA|-75.795056|1.975846
HUILA-TARQUI|-75.823575|2.111321
HUILA-TESALIA|-75.729840|2.486050
HUILA-TELLO|-75.138773|3.067538
HUILA-TERUEL|-75.567034|2.740968
HUILA-TIMANA|-75.932087|1.974224
HUILA-VILLAVIEJA|-75.217244|3.220768
HUILA-YAGUARA|-75.518023|2.664694
LA GUAJIRA-RIOHACHA|-72.911489|11.528751
LA GUAJIRA-ALBANIA|-72.598522|11.157489
LA GUAJIRA-BARRANCAS|-72.793576|10.958667
LA GUAJIRA-DIBULLA|-73.307620|11.271569
LA GUAJIRA-DISTRACCION|-72.887393|10.898473
LA GUAJIRA-EL MOLINO|-72.926743|10.653503
LA GUAJIRA-FONSECA|-72.846662|10.884301
LA GUAJIRA-HATONUEVO|-72.759017|11.068743
LA GUAJIRA-LA JAGUA DEL PILAR|-73.071679|10.510214
LA GUAJIRA-MAICAO|-72.241905|11.378327
LA GUAJIRA-MANAURE|-72.439667|11.774057
LA GUAJIRA-SAN JUAN DEL CESAR|-73.000593|10.769579
LA GUAJIRA-URIBIA|-72.264761|11.714646
LA GUAJIRA-URUMITA|-73.012507|10.560169
LA GUAJIRA-VILLANUEVA|-72.977623|10.608812
MAGDALENA-SANTA MARTA|-74.190894|11.229434
MAGDALENA-ALGARROBO|-74.061132|10.188039
MAGDALENA-ARACATACA|-74.186763|10.589800
MAGDALENA-ARIGUANI/EL DIFICIL|-74.236499|9.847057
MAGDALENA-CERRO SAN ANTONIO|-74.868473|10.325659
MAGDALENA-CHIBOLO|-74.623138|10.026841
MAGDALENA-CIENAGA|-74.241286|11.006657
MAGDALENA-CONCORDIA|-74.833030|10.257311
MAGDALENA-EL BANCO|-73.974281|9.008733
MAGDALENA-EL PIÑON|-74.823291|10.403095
MAGDALENA-EL RETEN|-74.268456|10.610668
MAGDALENA-FUNDACION|-74.191343|10.514092
MAGDALENA-GUAMAL|-74.223699|9.144386
MAGDALENA-NUEVA GRANADA|-74.392236|9.801548
MAGDALENA-PEDRAZA|-74.915458|10.188206
MAGDALENA-PIJIÑO DEL CARMEN|-74.458218|9.331953
MAGDALENA-PIVIJAY|-74.613518|10.460693
MAGDALENA-PLATO|-74.784683|9.796770
MAGDALENA-PUEBLOVIEJO|-74.282484|10.994830
MAGDALENA-REMOLINO|-74.716140|10.702170
MAGDALENA-SABANAS DE SAN ANGEL|-74.213939|10.032536
MAGDALENA-SALAMINA|-74.794189|10.491229
MAGDALENA-SAN SEBASTIAN DE BUENAVISTA|-74.351675|9.240505
MAGDALENA-SAN ZENON|-74.498992|9.245061
MAGDALENA-SANTA ANA|-74.567658|9.321838
MAGDALENA-SANTA BARBARA DE PINTO|-74.704686|9.432257
MAGDALENA-SITIONUEVO|-74.720169|10.775410
MAGDALENA-TENERIFE|-74.860775|9.897787
MAGDALENA-ZAPAYAN|-74.716878|10.168297
MAGDALENA-ZONA BANANERA|-74.140082|10.763027
META-VILLAVICENCIO|-73.627092|4.123861
META-ACACIAS|-73.765937|3.990121
META-BARRANCA DE UPIA|-72.964334|4.570623
META-CABUYARO|-72.791979|4.285924
META-CASTILLA LA NUEVA|-73.688130|3.828040
META-CUBARRAL|-73.839213|3.794089
META-CUMARAL|-73.486109|4.269538
META-EL CALVARIO|-73.713329|4.352622
META-EL CASTILLO|-73.794013|3.563834
META-EL DORADO|-73.835012|3.740004
META-FUENTE DE ORO|-73.617982|3.462868
META-GRANADA|-73.705715|3.546695
META-GUAMAL|-73.770339|3.880639
META-MAPIRIPAN|-72.135645|2.896439
META-MESETAS|-74.043681|3.383925
META-LA MACARENA|-73.787069|2.178214
META-URIBE|-74.351545|3.239653
META-LEJANIAS|-74.024022|3.525920
META-PUERTO CONCORDIA|-72.760048|2.623082
META-PUERTO GAITAN|-72.083079|4.314487
META-PUERTO LOPEZ|-72.957436|4.093406
META-PUERTO LLERAS|-73.373743|3.269732
META-PUERTO RICO|-73.206513|2.939744
META-RESTREPO|-73.564604|4.260732
META-SAN CARLOS DE GUAROA|-73.241409|3.710537
META-SAN JUAN DE ARAMA|-73.875832|3.373728
META-SAN JUANITO|-73.676699|4.458180
META-SAN MARTIN|-73.695618|3.701880
META-VISTAHERMOSA|-73.751167|3.125752
NARIÑO-PASTO|-77.278576|1.212124
NARIÑO-ALBAN|-77.080712|1.474978
NARIÑO-ALDANA|-77.700357|0.882181
NARIÑO-ANCUYA|-77.514513|1.263300
NARIÑO-ARBOLEDA|-77.135399|1.503537
NARIÑO-BARBACOAS|-78.139895|1.670345
NARIÑO-BELEN|-77.015666|1.595676
NARIÑO-BUESACO|-77.156480|1.381434
NARIÑO-COLON|-77.019777|1.643874
NARIÑO-CONSACA|-77.465102|1.207623
NARIÑO-CONTADERO|-77.549409|0.910458
NARIÑO-CORDOBA|-77.517897|0.854564
NARIÑO-CUASPUD/CARLOSAMA|-77.728947|0.862978
NARIÑO-CUMBAL|-77.792277|0.906185
NARIÑO-CUMBITARA|-77.578147|1.646846
NARIÑO-CHACHAGÜI|-77.281701|1.360328
NARIÑO-EL CHARCO|-78.109849|2.477551
NARIÑO-EL PEÑOL|-77.437859|1.452893
NARIÑO-EL ROSARIO|-77.334566|1.742476
NARIÑO-EL TABLON DE GOMEZ|-77.096731|1.427054
NARIÑO-EL TAMBO|-77.390205|1.407643
NARIÑO-FUNES|-77.448979|1.001135
NARIÑO-GUACHUCAL|-77.731590|0.959743
NARIÑO-GUAITARILLA|-77.549689|1.129633
NARIÑO-GUALMATAN|-77.566815|0.919803
NARIÑO-ILES|-77.520976|0.969205
NARIÑO-IMUES|-77.496178|1.055138
NARIÑO-IPIALES|-77.646401|0.827734
NARIÑO-LA CRUZ|-76.970532|1.601339
NARIÑO-LA FLORIDA|-77.406431|1.299192
NARIÑO-LA LLANADA|-77.580712|1.472636
NARIÑO-LA TOLA|-78.190392|2.398212
NARIÑO-LA UNION|-77.131154|1.600269
NARIÑO-LEIVA|-77.306214|1.934516
NARIÑO-LINARES|-77.521940|1.351145
NARIÑO-LOS ANDES|-77.521326|1.494547
NARIÑO-MAGÜI|-78.181061|1.765314
NARIÑO-MALLAMA|-77.864428|1.140839
NARIÑO-MOSQUERA|-78.452985|2.507116
NARIÑO-NARIÑO|-77.357972|1.288979
NARIÑO-OLAYA HERRERA|-78.325619|2.347584
NARIÑO-OSPINA|-77.566067|1.058492
NARIÑO-FRANCISCO PIZARRO|-78.658182|2.040809
NARIÑO-POLICARPA|-77.459265|1.628139
NARIÑO-POTOSI|-77.572792|0.806340
NARIÑO-PROVIDENCIA|-77.596592|1.237692
NARIÑO-PUERRES|-77.504211|0.885125
NARIÑO-PUPIALES|-77.633504|0.867140
NARIÑO-RICAURTE|-77.995445|1.212931
NARIÑO-ROBERTO PAYAN/SAN JOSE|-78.245663|1.697745
NARIÑO-SAMANIEGO|-77.594457|1.335352
NARIÑO-SANDONA|-77.469568|1.286137
NARIÑO-SAN BERNARDO|-77.047403|1.514254
NARIÑO-SAN LORENZO|-77.215232|1.503341
NARIÑO-SAN PABLO|-77.013924|1.669427
NARIÑO-SAN PEDRO DE CARTAGO|-77.119197|1.551659
NARIÑO-SANTA BARBARA|-77.979083|2.449548
NARIÑO-SANTACRUZ|-77.677022|1.221986
NARIÑO-SAPUYES|-77.620300|1.037528
NARIÑO-TAMINANGO|-77.280222|1.570048
NARIÑO-TANGUA|-77.392694|1.094881
NARIÑO-SAN ANDRES DE TUMACO|-78.763854|1.807117
NARIÑO-TUQUERRES|-77.616886|1.085193
NARIÑO-YACUANQUER|-77.402824|1.114556
NORTE DE SANTANDER-SAN JOSE DE CUCUTA|-72.508256|7.905306
NORTE DE SANTANDER-ABREGO|-73.221734|8.081784
NORTE DE SANTANDER-ARBOLEDAS|-72.798875|7.642970
NORTE DE SANTANDER-BOCHALEMA|-72.647038|7.612168
NORTE DE SANTANDER-BUCARASICA|-72.867954|8.041167
NORTE DE SANTANDER-CACOTA|-72.642059|7.268705
NORTE DE SANTANDER-CACHIRA|-73.048746|7.740905
NORTE DE SANTANDER-CHINACOTA|-72.604678|7.600958
NORTE DE SANTANDER-CHITAGA|-72.665435|7.138122
NORTE DE SANTANDER-CONVENCION|-73.337208|8.470369
NORTE DE SANTANDER-CUCUTILLA|-72.772572|7.538987
NORTE DE SANTANDER-DURANIA|-72.658605|7.714780
NORTE DE SANTANDER-EL CARMEN|-73.446687|8.510579
NORTE DE SANTANDER-EL TARRA|-73.094846|8.576771
NORTE DE SANTANDER-EL ZULIA|-72.604668|7.938229
NORTE DE SANTANDER-GRAMALOTE|-72.786830|7.916582
NORTE DE SANTANDER-HACARI|-73.145975|8.321715
NORTE DE SANTANDER-HERRAN|-72.483519|7.506541
NORTE DE SANTANDER-LABATECA|-72.495874|7.298339
NORTE DE SANTANDER-LA ESPERANZA|-73.327897|7.639991
NORTE DE SANTANDER-LA PLAYA DE BELEN|-73.238649|8.212627
NORTE DE SANTANDER-LOS PATIOS|-72.505713|7.833256
NORTE DE SANTANDER-LOURDES|-72.832511|7.944520
NORTE DE SANTANDER-MUTISCUA|-72.747139|7.300280
NORTE DE SANTANDER-OCAÑA|-73.355814|8.247454
NORTE DE SANTANDER-PAMPLONA|-72.647681|7.372850
NORTE DE SANTANDER-PAMPLONITA|-72.639204|7.436747
NORTE DE SANTANDER-PUERTO SANTANDER|-72.410314|8.360946
NORTE DE SANTANDER-RAGONVALIA|-72.476708|7.577861
NORTE DE SANTANDER-SALAZAR DE LAS PALMAS|-72.813124|7.773671
NORTE DE SANTANDER-SAN CALIXTO|-73.206053|8.400152
NORTE DE SANTANDER-SAN CAYETANO|-72.625412|7.875533
NORTE DE SANTANDER-SANTIAGO|-72.716618|7.865163
NORTE DE SANTANDER-SARDINATA|-72.800758|8.082014
NORTE DE SANTANDER-SANTODOMIGO DE SILOS|-72.757062|7.204787
NORTE DE SANTANDER-TEORAMA|-73.287409|8.436377
NORTE DE SANTANDER-TIBU|-72.735919|8.639549
NORTE DE SANTANDER-TOLEDO|-72.485107|7.310032
NORTE DE SANTANDER-VILLA CARO|-72.973652|7.914278
NORTE DE SANTANDER-VILLA DEL ROSARIO|-72.470067|7.847487
QUINDIO-ARMENIA|-75.680751|4.535990
QUINDIO-BUENAVISTA|-75.739330|4.360325
QUINDIO-CALARCA|-75.649088|4.515282
QUINDIO-CIRCASIA|-75.636528|4.617792
QUINDIO-CORDOBA|-75.687866|4.392485
QUINDIO-FILANDIA|-75.658686|4.674146
QUINDIO-GENOVA|-75.789817|4.207478
QUINDIO-LA TEBAIDA|-75.786460|4.453650
QUINDIO-MONTENEGRO|-75.751812|4.562960
QUINDIO-PIJAO|-75.703317|4.335038
QUINDIO-QUIMBAYA|-75.765074|4.624386
QUINDIO-SALENTO|-75.570844|4.637157
RISARALDA-PEREIRA|-75.717123|4.805680
RISARALDA-APIA|-75.941931|5.105739
RISARALDA-BALBOA|-75.960222|4.945769
RISARALDA-BELEN DE UMBRIA|-75.868219|5.200645
RISARALDA-DOSQUEBRADAS|-75.682469|4.827188
RISARALDA-GUATICA|-75.799363|5.316210
RISARALDA-LA CELIA|-76.003076|5.002847
RISARALDA-LA VIRGINIA|-75.884058|4.898667
RISARALDA-MARSELLA|-75.738583|4.935560
RISARALDA-MISTRATO|-75.882860|5.297059
RISARALDA-PUEBLO RICO|-76.030668|5.221912
RISARALDA-QUINCHIA|-75.730413|5.340446
RISARALDA-SANTA ROSA DE CABAL|-75.620011|4.867526
RISARALDA-SANTUARIO|-75.962116|5.072781
SANTANDER-BUCARAMANGA|-73.132598|7.116267
SANTANDER-AGUADA|-73.523237|6.162238
SANTANDER-ALBANIA|-73.913854|5.758870
SANTANDER-ARATOCA|-73.017850|6.694440
SANTANDER-BARBOSA|-73.615999|5.932610
SANTANDER-BARICHARA|-73.223099|6.634229
SANTANDER-BARRANCABERMEJA|-73.849957|7.064964
SANTANDER-BETULIA|-73.283669|6.899525
SANTANDER-BOLIVAR|-73.771346|5.988953
SANTANDER-CABRERA|-73.246503|6.592261
SANTANDER-CALIFORNIA|-72.946358|7.347885
SANTANDER-CAPITANEJO|-72.699200|6.533180
SANTANDER-CARCASI|-72.627083|6.628732
SANTANDER-CEPITA|-72.973536|6.753518
SANTANDER-CERRITO|-72.692345|6.844244
SANTANDER-CHARALA|-73.146870|6.284349
SANTANDER-CHARTA|-72.968798|7.280820
SANTANDER-CHIMA|-73.373748|6.344352
SANTANDER-CHIPATA|-73.637111|6.062521
SANTANDER-CIMITARRA|-73.952582|6.320682
SANTANDER-CONCEPCION|-72.694594|6.768837
SANTANDER-CONFINES|-73.240554|6.357327
SANTANDER-CONTRATACION|-73.474426|6.290561
SANTANDER-COROMORO|-73.040817|6.294995
SANTANDER-CURITI|-73.069391|6.605107
SANTANDER-EL CARMEN DE CHUCURI|-73.511268|6.697911
SANTANDER-EL GUACAMAYO|-73.496893|6.245119
SANTANDER-EL PEÑON|-73.816911|6.054277
SANTANDER-EL PLAYON|-73.202878|7.470720
SANTANDER-ENCINO|-73.098738|6.137402
SANTANDER-ENCISO|-72.699647|6.668034
SANTANDER-FLORIAN|-73.971423|5.804666
SANTANDER-FLORIDABLANCA|-73.099033|7.072360
SANTANDER-GALAN|-73.287765|6.638415
SANTANDER-GAMBITA|-73.344184|5.945981
SANTANDER-GIRON|-73.168256|7.072775
SANTANDER-GUACA|-72.856322|6.876563
SANTANDER-GUADALUPE|-73.419292|6.245847
SANTANDER-GUAPOTA|-73.320699|6.308588
SANTANDER-GUAVATA|-73.700802|5.954136
SANTANDER-GÜEPSA|-73.575326|6.024849
SANTANDER-HATO|-73.308145|6.542964
SANTANDER-JESUS MARIA|-73.783328|5.876543
SANTANDER-JORDAN|-73.096053|6.732727
SANTANDER-LA BELLEZA|-73.965626|5.859550
SANTANDER-LANDAZURI|-73.811085|6.218749
SANTANDER-LA PAZ|-73.589590|6.178509
SANTANDER-LEBRIJA|-73.219551|7.113356
SANTANDER-LOS SANTOS|-73.102657|6.755175
SANTANDER-MACARAVITA|-72.593105|6.506580
SANTANDER-MALAGA|-72.732380|6.703058
SANTANDER-MATANZA|-73.015566|7.323175
SANTANDER-MOGOTES|-72.969814|6.475210
SANTANDER-MOLAGAVITA|-72.809472|6.674357
SANTANDER-OCAMONTE|-73.122563|6.339988
SANTANDER-OIBA|-73.299786|6.265175
SANTANDER-ONZAGA|-72.816760|6.344094
SANTANDER-PALMAR|-73.291090|6.537789
SANTANDER-PARAMO|-73.170400|6.416592
SANTANDER-PIEDECUESTA|-73.054661|6.997476
SANTANDER-PINCHOTE|-73.172914|6.532060
SANTANDER-PUENTE NACIONAL|-73.678134|5.877963
SANTANDER-PUERTO PARRA|-74.056094|6.650807
SANTANDER-PUERTO WILCHES|-73.899334|7.349066
SANTANDER-RIONEGRO|-73.150147|7.265010
SANTANDER-SABANA DE TORRES|-73.499050|7.391912
SANTANDER-SAN ANDRES|-72.848804|6.812310
SANTANDER-SAN BENITO|-73.509387|6.126245
SANTANDER-SAN GIL|-73.136881|6.555609
SANTANDER-SAN JOAQUIN|-72.867638|6.427548
SANTANDER-SAN JOSE DE MIRANDA|-72.733616|6.658995
SANTANDER-SAN MIGUEL|-72.644155|6.575625
SANTANDER-SAN VICENTE DE CHUCURI|-73.411024|6.880383
SANTANDER-SANTA BARBARA|-72.907336|6.990511
SANTANDER-SANTA HELENA DEL OPON|-73.616793|6.339645
SANTANDER-SIMACOTA|-73.337368|6.443471
SANTANDER-PALMAS DEL SOCORRO|-73.261196|6.463856
SANTANDER-SOCORRO|-73.261196|6.463856
SANTANDER-SUAITA|-73.438416|6.103542
SANTANDER-SUCRE|-73.790975|5.918743
SANTANDER-SURATA|-72.984232|7.366580
SANTANDER-TONA|-72.966018|7.202735
SANTANDER-VALLE DE SAN JOSE|-73.143737|6.447790
SANTANDER-VELEZ|-73.666299|6.010953
SANTANDER-VETAS|-72.871041|7.309810
SANTANDER-VILLANUEVA|-73.174307|6.670078
SANTANDER-ZAPATOCA|-73.267910|6.814339
SUCRE-SINCELEJO|-75.395484|9.302333
SUCRE-BUENAVISTA|-74.973015|9.319857
SUCRE-CAIMITO|-75.117141|8.789324
SUCRE-COLOSO|-75.353257|9.494193
SUCRE-COROZAL|-75.293167|9.319106
SUCRE-COVEÑAS|-75.691867|9.402463
SUCRE-CHALAN|-75.312696|9.545352
SUCRE-EL ROBLE|-75.198831|9.099532
SUCRE-GALERAS|-75.049420|9.159673
SUCRE-GUARANDA|-74.538345|8.464847
SUCRE-LA UNION|-75.276056|8.853975
SUCRE-LOS PALMITOS|-75.268749|9.380228
SUCRE-MAJAGUAL|-74.628101|8.540713
SUCRE-MORROA|-75.306200|9.331319
SUCRE-OVEJAS|-75.229084|9.526687
SUCRE-PALMITO|-75.541259|9.333108
SUCRE-SAMPUES|-75.380191|9.183206
SUCRE-SAN BENITO ABAD|-75.031161|8.929971
SUCRE-SAN JUAN DE BETULIA|-75.243565|9.273066
SUCRE-SAN MARCOS|-75.132398|8.664829
SUCRE-SAN ONOFRE|-75.523031|9.736932
SUCRE-SAN PEDRO|-75.063490|9.395964
SUCRE-SINCE|-75.146033|9.244196
SUCRE-SUCRE|-74.723225|8.811741
SUCRE-SANTIAGO DE TOLU|-75.581299|9.525473
SUCRE-TOLUVIEJO|-75.440822|9.451845
TOLIMA-IBAGUE|-75.193715|4.439609
TOLIMA-ALPUJARRA|-74.932864|3.391731
TOLIMA-ALVARADO|-74.953557|4.567344
TOLIMA-AMBALEMA|-74.764441|4.782634
TOLIMA-ANZOATEGUI|-75.096451|4.627474
TOLIMA-GUAYABAL|-74.884413|5.030678
TOLIMA-ARMERO|-74.884413|5.030678
TOLIMA-ATACO|-75.382534|3.590636
TOLIMA-CAJAMARCA|-75.435485|4.436673
TOLIMA-CARMEN DE APICALA|-74.716169|4.147912
TOLIMA-CASABIANCA|-75.120966|5.078465
TOLIMA-CHAPARRAL|-75.480743|3.723068
TOLIMA-COELLO|-74.898464|4.287276
TOLIMA-COYAIMA|-75.193878|3.798028
TOLIMA-CUNDAY|-74.692227|4.059259
TOLIMA-DOLORES|-74.896845|3.539036
TOLIMA-EL ESPINAL|-74.885450|4.151314
TOLIMA-FALAN|-74.953007|5.123104
TOLIMA-FLANDES|-74.818767|4.276372
TOLIMA-FRESNO|-75.035627|5.153638
TOLIMA-EL GUAMO|-74.968127|4.031004
TOLIMA-HERVEO|-75.177151|5.080228
TOLIMA-HONDA|-74.741578|5.201509
TOLIMA-ICONONZO|-74.531976|4.176436
TOLIMA-LERIDA|-74.910634|4.862025
TOLIMA-EL LIBANO|-75.063421|4.923442
TOLIMA-SAN SEBASTIAN DE MARIQUITA|-74.889295|5.199691
TOLIMA-MELGAR|-74.629850|4.208155
TOLIMA-MURILLO|-75.170787|4.875071
TOLIMA-NATAGAIMA|-75.093478|3.624859
TOLIMA-ORTEGA|-75.222601|3.934916
TOLIMA-PALOCABILDO|-75.022198|5.120972
TOLIMA-PIEDRAS|-74.878074|4.543908
TOLIMA-PLANADAS|-75.643961|3.197661
TOLIMA-PRADO|-74.927456|3.751013
TOLIMA-PURIFICACION|-74.928646|3.859380
TOLIMA-RIOBLANCO|-75.644388|3.529863
TOLIMA-RONCESVALLES|-75.606002|4.011598
TOLIMA-ROVIRA|-75.240868|4.238933
TOLIMA-SALDAÑA|-75.016069|3.926793
TOLIMA-SAN ANTONIO|-75.480907|3.912976
TOLIMA-SAN LUIS|-75.095787|4.133721
TOLIMA-SANTA ISABEL|-75.097934|4.713606
TOLIMA-SUAREZ|-74.831883|4.048884
TOLIMA-VALLE DE SAN JUAN|-75.115669|4.197494
TOLIMA-VENADILLO|-74.929171|4.717967
TOLIMA-VILLAHERMOSA|-75.117729|5.030452
TOLIMA-VILLARRICA|-74.600296|3.936745
VALLE DEL CAUCA-CALI|-76.521565|3.414414
VALLE DEL CAUCA-ALCALA|-75.779814|4.674990
VALLE DEL CAUCA-ANDALUCIA|-76.167921|4.171724
VALLE DEL CAUCA-ANSERMANUEVO|-75.991981|4.794923
VALLE DEL CAUCA-ARGELIA|-76.119906|4.726946
VALLE DEL CAUCA-BOLIVAR|-76.183574|4.337842
VALLE DEL CAUCA-BUENAVENTURA|-77.011740|3.875802
VALLE DEL CAUCA-GUADALAJARA DE BUGA|-76.298961|3.900824
VALLE DEL CAUCA-BUGALAGRANDE|-76.156808|4.208332
VALLE DEL CAUCA-CAICEDONIA|-75.830318|4.334610
VALLE DEL CAUCA-CALIMA|-76.484392|3.933524
VALLE DEL CAUCA-CANDELARIA|-76.346429|3.407766
VALLE DEL CAUCA-CARTAGO|-75.942264|4.758755
VALLE DEL CAUCA-DAGUA|-76.688871|3.657308
VALLE DEL CAUCA-EL AGUILA|-76.041299|4.909613
VALLE DEL CAUCA-EL CAIRO|-76.221604|4.760883
VALLE DEL CAUCA-EL CERRITO|-76.311726|3.684259
VALLE DEL CAUCA-EL DOVIO|-76.237084|4.510453
VALLE DEL CAUCA-FLORIDA|-76.234502|3.323918
VALLE DEL CAUCA-GINEBRA|-76.268068|3.724181
VALLE DEL CAUCA-GUACARI|-76.331367|3.762909
VALLE DEL CAUCA-JAMUNDI|-76.542459|3.262276
VALLE DEL CAUCA-LA CUMBRE|-76.567932|3.649447
VALLE DEL CAUCA-LA UNION|-76.099607|4.533783
VALLE DEL CAUCA-LA VICTORIA|-76.036529|4.523603
VALLE DEL CAUCA-OBANDO|-75.974689|4.575723
VALLE DEL CAUCA-PALMIRA|-76.298583|3.532349
VALLE DEL CAUCA-PRADERA|-76.241820|3.419827
VALLE DEL CAUCA-RESTREPO|-76.523117|3.821348
VALLE DEL CAUCA-RIOFRIO|-76.288313|4.156905
VALLE DEL CAUCA-ROLDANILLO|-76.152287|4.413596
VALLE DEL CAUCA-SAN PEDRO|-76.228538|3.994993
VALLE DEL CAUCA-SEVILLA|-75.930941|4.267033
VALLE DEL CAUCA-TORO|-76.076853|4.608085
VALLE DEL CAUCA-TRUJILLO|-76.318809|4.212051
VALLE DEL CAUCA-TULUA|-76.197700|4.085261
VALLE DEL CAUCA-ULLOA|-75.737747|4.702514
VALLE DEL CAUCA-VERSALLES|-76.199204|4.575019
VALLE DEL CAUCA-VIJES|-76.441965|3.698588
VALLE DEL CAUCA-YOTOCO|-76.382474|3.861215
VALLE DEL CAUCA-YUMBO|-76.499820|3.528969
VALLE DEL CAUCA-ZARZAL|-76.070849|4.392621
ARAUCA-ARAUCA|-70.746350|7.077359
ARAUCA-ARAUQUITA|-71.426751|7.026981
ARAUCA-CRAVO NORTE|-70.204286|6.303913
ARAUCA-FORTUL|-71.768558|6.797076
ARAUCA-PUERTO RONDON|-71.097743|6.283852
ARAUCA-SARAVENA|-71.872333|6.953860
ARAUCA-TAME|-71.758611|6.449379
CASANARE-YOPAL|-72.396915|5.327613
CASANARE-AGUAZUL|-72.546300|5.172691
CASANARE-CHAMEZA|-72.870236|5.214312
CASANARE-HATO COROZAL|-71.764923|6.156172
CASANARE-LA SALINA|-72.333882|6.127825
CASANARE-MANI|-72.281398|4.816827
CASANARE-MONTERREY|-72.895036|4.876845
CASANARE-NUNCHIA|-72.195071|5.636663
CASANARE-OROCUE|-71.338518|4.790270
CASANARE-PAZ DE ARIPORO|-71.890924|5.880037
CASANARE-PORE|-71.992860|5.727730
CASANARE-RECETOR|-72.761146|5.229494
CASANARE-SABANALARGA|-73.038723|4.854618
CASANARE-SACAMA|-72.250276|6.096975
CASANARE-SAN LUIS DE PALENQUE|-71.732925|5.420887
CASANARE-TAMARA|-72.161825|5.829827
CASANARE-TAURAMENA|-72.747252|5.019205
CASANARE-TRINIDAD|-71.663341|5.412215
CASANARE-VILLANUEVA|-72.927468|4.609799
PUTUMAYO-COLON|-76.972302|1.189826
PUTUMAYO-ORITO|-76.873028|0.663817
PUTUMAYO-PUERTO ASIS|-76.497273|0.505047
PUTUMAYO-PUERTO CAICEDO|-76.604832|0.684842
PUTUMAYO-PUERTO GUZMAN|-76.408522|0.962922
PUTUMAYO-PUERTO LEGUIZAMO|-74.782471|-0.191873
PUTUMAYO-SIBUNDOY|-76.917482|1.200116
PUTUMAYO-SAN FRANCISCO|-76.879235|1.174218
PUTUMAYO-SAN MIGUEL (LA DORADA)|-76.912410|0.343272
PUTUMAYO-SAN MIGUEL DE MOCOA|-76.912410|0.343272
PUTUMAYO-SANTIAGO|-77.001823|1.145538
PUTUMAYO-VALLE DEL GUAMUEZ/LA HORMIGA|-76.905969|0.423904
PUTUMAYO-VILLA GARZON/VILLA AMAZONICA|-76.617162|1.028941
SAN ANDRES, PROVIDENCIA Y SANTA CATALINA-SAN ANDRES|-81.696063|12.583014
SAN ANDRES, PROVIDENCIA Y SANTA CATALINA-PROVIDENCIA|-81.370912|13.370100
AMAZONAS-LETICIA|-69.941427|-4.199837
AMAZONAS-PUERTO NARIÑO|-70.364518|-3.780448
GUAINIA-INIRIDA|-67.918837|3.866162
GUAVIARE-SAN JOSE DEL GUAVIARE|-72.638986|2.566428
GUAVIARE-CALAMAR|-72.655172|1.960109
GUAVIARE-EL RETORNO|-72.627186|2.330162
GUAVIARE-MIRAFLORES|-71.950543|1.337574
VAUPES-MITU|-70.234751|1.251191
VAUPES-CARURU|-71.297793|1.014598
VAUPES-TARAIRA|-69.639004|-0.569386
VICHADA-PUERTO CARREÑO|-67.486997|6.186864
VICHADA-LA PRIMAVERA|-70.410420|5.486338
VICHADA-SANTA ROSALIA|-70.859741|5.136431
VICHADA-CUMARIBO|-69.795533|4.446352
